Application Name,Company Name,Company Profile
Capgemini Philippines Graduate Intake June 2021,Capgemini,https://fr.linkedin.com/company/capgemini
Marsh Graduate Development Program,Marsh,https://www.linkedin.com/company/marsh
Marsh Graduate Development Program,Marsh McLennan,
"Commercial Management (Pharmaceuticals) - Future Leaders Program, Philippines, 2021",GSK,https://uk.linkedin.com/company/glaxosmithkline
Consulting Analyst - PH,Deloitte,https://www.linkedin.com/company/deloitte
Program Manager - Segment,Metrobank,https://ph.linkedin.com/company/metropolitan-bank-&-trust-company
Project Management Analyst (Change Admin) - Alabang,Accenture,https://ie.linkedin.com/company/accenture
Estate and Water Operations Assistant,Confidential,https://www.linkedin.com/company/confidentiallosangeles
PROGRAM MANAGER,Taking You Forward,https://www.linkedin.com/company/taking-you-forward-inc-
Finance Administrative Officer,Philippine Society of Public Health Physicians,https://ph.linkedin.com/company/psphpofficial
Business Initiatives Consultant,Wells Fargo,https://www.linkedin.com/company/wellsfargo
Learning and Development Administrator,ASG Group,https://au.linkedin.com/company/asggroup
Business and Systems Analyst,Incuventure Partners Corporation,https://ph.linkedin.com/company/incuventure-partners-corporation
Talent Acquisition Assistant Manager,FrieslandCampina,https://nl.linkedin.com/company/frieslandcampina
"Management Consultant - HR & Org. Dev. (Makati, WFH)","John Clements Consultants, Inc.",https://ph.linkedin.com/company/john-clements-consultants-inc-
Business Analyst and Quality Engineer,Orange and Bronze Software Labs,https://ph.linkedin.com/company/orange-and-bronze-software-labs
Network Consulting Engineer (Full Time) - Philippines,Cisco,https://www.linkedin.com/company/cisco
HCM Recruitment & Early Professionals Program Coordinator - PH,Rizing,https://www.linkedin.com/company/rizingllc
Human Resources Assistant Manager,OMRON Asia Pacific,https://sg.linkedin.com/company/omron-asia-pacific
Salesforce Cloud Developer,Optum,https://www.linkedin.com/company/optum
Investment Manager,FWD Insurance,https://hk.linkedin.com/company/fwd-insurance
English Teachers,Harvest Christian School,https://za.linkedin.com/company/harvest-christian-school
Marsh Graduate Development Program,Marsh & McLennan Companies,
Corporate Services Manager,Confidential,https://au.linkedin.com/company/confidential2
Admin Assistant,Grupo INCLAM,https://es.linkedin.com/company/grupo-inclam
Full-stack Developer,"Information Professionals, Inc.",https://ph.linkedin.com/company/information-professionals-inc-
Graduate Associate (Manila),Marsh,https://www.linkedin.com/company/marsh
Web Developer,"Primesoft Philippines, Inc.",https://ph.linkedin.com/company/primesoft-philippines-inc-
Jobs for Fresh Graduates – Earn up to 21k Salary,Metacom Business Process Outsourcing Solutions,https://www.linkedin.com/company/metacom-business-process-outsourcing-solutions
Junior Sales Manager,"Egghead Systems & Networks, Inc.",https://www.linkedin.com/company/egghead-systems-&-networks-inc-
HRHS Associate HR Adviser (Specialist),Fujitsu,https://jp.linkedin.com/company/fujitsu
Training Specialist (PRN/USRN),Shearwater Health,https://www.linkedin.com/company/shearwaterhealth
Field Service Engineers,SerEnergy A/S,https://dk.linkedin.com/company/serenergy-a-s
Ingeniero en prácticas,Nido Robotics,https://sg.linkedin.com/company/nidorobotics
Customer Service Consultant,New Oriental Club88 Corporation,https://www.linkedin.com/company/new-oriental-club88-corporation
Sales Engineer (URGENT),INOAC CORPORATION,https://jp.linkedin.com/company/inoac-corporation
Sales Manager,AXA Philippines,https://ph.linkedin.com/company/axa-philippines
Technology and Operations Controls Monitoring and Remediation Lead,Manulife,https://ca.linkedin.com/company/manulife-financial
Financial Advisor,Ghana Real Estate Professionals Association -GREPA,https://gh.linkedin.com/company/ghana-real-estate-professionals-association--grepa
IT Tools Administration and Integration Senior Analyst,The Goodyear Tire & Rubber Company,https://www.linkedin.com/company/goodyear
Technical Officer (NCD),World Health Organization,https://ch.linkedin.com/company/world-health-organization
Internal Audit Specialist,Accenture in the Philippines,https://www.linkedin.com/company/accenture_in_the_philippines
Principal Software Engineer - Application Platform,Roblox,https://www.linkedin.com/company/roblox
Tax Manager,Aktus Global Management/ Sison Corillo Parone & Co.,https://www.linkedin.com/company/aktus-global-management-sison-corillo-parone-&-co.
Korean content analyst,J-K Network Services,https://ph.linkedin.com/company/j-k-network-service
Transition Officer,"John Clements Consultants, Inc.",https://ph.linkedin.com/company/john-clements-consultants-inc-
Digital Marketing Implementation Associate,Wells Fargo,https://www.linkedin.com/company/wellsfargo
Accounts Payable Clerk,INTERNATIONAL CHEMICAL INDUSTRIES SDN. BHD.,https://www.linkedin.com/company/international-chemical-industries-sdn-bhd-
Urgent Hiring: Botica Store Supervisor,DIONISIO CONSTRUCTION,https://www.linkedin.com/company/dionisio-construction
Admin Assistant,Grupo INCLAM,https://es.linkedin.com/company/grupo-inclam
Technician,Maxim Integrated,https://www.linkedin.com/company/maxim-integrated
Graduate Associate (Cebu),Marsh,https://www.linkedin.com/company/marsh
HRHS Associate HR Adviser (Specialist),Fujitsu,https://jp.linkedin.com/company/fujitsu
Call Center Agents | Online Shopping Account | Clark Pampanga,Mediatics Digital Indonesia,https://id.linkedin.com/company/mediatics-digital-indonesia
Medical Case Manager (US Licensed Nurse),IBM,https://www.linkedin.com/company/ibm
Registered Nurse,EXL,https://www.linkedin.com/company/exl-service
Business Analyst,Edusuite Inc.,
Licensed Dental Hygienists,St Patricks,https://www.linkedin.com/company/st-patricks
Sales Warranty Specialist,LSERV Corporation,https://ph.linkedin.com/company/lservcorporation
Call Center Agents | Online Shopping Account | Clark Pampanga,ACES CALL CENTER JOBS,https://ph.linkedin.com/company/acesjobs
Engagement and Loyalty Manager,FWD Insurance,https://hk.linkedin.com/company/fwd-insurance
TRAVEL RESERVATIONS AGENT or FLIGHT SCHEDULER (Call Center Airline Travel Account),Metacom Business Process Outsourcing Solutions,https://www.linkedin.com/company/metacom-business-process-outsourcing-solutions
Korean content writer analyst,J-K Network Services,https://ph.linkedin.com/company/j-k-network-service
Senior Software Engineer - Application Platform,Roblox,https://www.linkedin.com/company/roblox
Senior Shared Services Support Analyst (Operations Analyst 3),Wells Fargo,https://www.linkedin.com/company/wellsfargo
Business Analyst,"Edusuite, Inc.",
Sales Warranty Specialist,LSERV Corporation,https://ph.linkedin.com/company/lservcorporation
American English Instructor Customer Support Specialist,J-K Network Services,https://ph.linkedin.com/company/j-k-network-service
Call Center Agent Hiring – Up to 22K Salary! URGENT!,Metacom Business Process Outsourcing Solutions,https://www.linkedin.com/company/metacom-business-process-outsourcing-solutions
Client Service Manager 1,Wells Fargo,https://www.linkedin.com/company/wellsfargo
USA Interns,"HRInternational, Inc",
American english instructor customer support specialist,J-K Network Services,https://ph.linkedin.com/company/j-k-network-service
Collections Specialists for BPO Financial Accounts | Up to 25K+,Metacom Business Process Outsourcing Solutions,https://www.linkedin.com/company/metacom-business-process-outsourcing-solutions
Operations Supervisor 2,Wells Fargo,https://www.linkedin.com/company/wellsfargo
PROGRAM ANALYST - Manila,Department of the Navy,
Hiring Customer Service Representatives | No BPO Experience Required! | Up to 22K salary,Metacom Business Process Outsourcing Solutions,https://www.linkedin.com/company/metacom-business-process-outsourcing-solutions
Project in Charge,Xeel Corporation,
IT Helpdesk / Technical Specialist / Computer Troubleshooter | 22k Salary | Call Center Agent,Metacom Business Process Outsourcing Solutions,https://www.linkedin.com/company/metacom-business-process-outsourcing-solutions
Central Processing Services Specialist,CitySavings Bank,
Experienced Call center agent | Salary up to 23k,Metacom Business Process Outsourcing Solutions,https://www.linkedin.com/company/metacom-business-process-outsourcing-solutions
Project in Charge,Xeel Corporation,
IT Staff/Desktop Support for Technical Support Rep Positions | Up to 22K! | Call Center Positions,Metacom Business Process Outsourcing Solutions,https://www.linkedin.com/company/metacom-business-process-outsourcing-solutions
Billing Implementation Specialist,"MedSpecialized, Inc",
Hiring Call Center Agent – Start ASAP,Metacom Business Process Outsourcing Solutions,https://www.linkedin.com/company/metacom-business-process-outsourcing-solutions
Financial Advisor with allowance,Prulife UK - Purpurite Branch,
Urgent Hiring Call Center Agent – 22k Salary | Start ASAP,Metacom Business Process Outsourcing Solutions,https://www.linkedin.com/company/metacom-business-process-outsourcing-solutions
Benefits Associate I,FIS,
Hiring Collections and Billing Experts for Call Center Financial accounts | START ASAP,Metacom Business Process Outsourcing Solutions,https://www.linkedin.com/company/metacom-business-process-outsourcing-solutions
Junior Architect,Samhyup Pacific Corp.,
"Hiring Technical Support Representatives (IT Staff, Computer Hardware account)",Metacom Business Process Outsourcing Solutions,https://www.linkedin.com/company/metacom-business-process-outsourcing-solutions
"HIRING CALL CENTER AGENTS | Apply now, get hired and start working ASAP!",Metacom Business Process Outsourcing Solutions,https://www.linkedin.com/company/metacom-business-process-outsourcing-solutions
Hosts,The Coffee Bean & Tea Leaf Philippines,
Hiring Customer Service Representative in Ortigas – Up to 22k Salary,Metacom Business Process Outsourcing Solutions,https://www.linkedin.com/company/metacom-business-process-outsourcing-solutions
Station Secretary,KKK Turbo Fuel Corporation,
Immediate Hiring Customer Service Representatives,Metacom Business Process Outsourcing Solutions,https://www.linkedin.com/company/metacom-business-process-outsourcing-solutions
Central Processing Services Specialist,CitySavings Bank,
Financial Sales Specialist | AXA Philippines,AXA Philippines | Jose Antonio Bello,
Hiring Call Center Agent – Earn up to 22k!,Metacom Business Process Outsourcing Solutions,https://www.linkedin.com/company/metacom-business-process-outsourcing-solutions
Station Secretary,Kkk Turbo Fuel Corporation,
Customer Service Representative hiring 2016,Metacom Business Process Outsourcing Solutions,https://www.linkedin.com/company/metacom-business-process-outsourcing-solutions
Accounting Staff,Pureform Cosmetic Products Inc,
CALL CENTER AGENTS – DAY SHIFT ACCOUNT | Earn up to 22K |URGENT HIRING!,Metacom Business Process Outsourcing Solutions,https://www.linkedin.com/company/metacom-business-process-outsourcing-solutions
Call Center Agent Hiring 2016,Metacom Business Process Outsourcing Solutions,https://www.linkedin.com/company/metacom-business-process-outsourcing-solutions
Cost Accountant,Coolaire Consolidated Inc,
Call Center Agent for Day Shift Accounts – Customer Service and Technical Support Representatives,Metacom Business Process Outsourcing Solutions,https://www.linkedin.com/company/metacom-business-process-outsourcing-solutions
Compliance Coordinator,TrueChef\\\'s Choice,
Customer Service Representatives for Call Center TRAVEL ACCOUNT | Start working Immediately!,Metacom Business Process Outsourcing Solutions,https://www.linkedin.com/company/metacom-business-process-outsourcing-solutions
Programmer,Halcyon Marine Healthcare Systems Inc.,
Mass Hiring Customer Service Representatives – Up to 23k Salary,Metacom Business Process Outsourcing Solutions,https://www.linkedin.com/company/metacom-business-process-outsourcing-solutions
Technical Support Admin,CUROGRAM,
Urgent Hiring Customer Service Representatives,Metacom Business Process Outsourcing Solutions,https://www.linkedin.com/company/metacom-business-process-outsourcing-solutions
Financial Sales Specialist | AXA Philippines,AXA Philippines | Jose Antonio Bello,
Customer Service Representatives for Airline Ticketing – Call Center Travel Account | Up to 22K!,Metacom Business Process Outsourcing Solutions,https://www.linkedin.com/company/metacom-business-process-outsourcing-solutions
Deep Learning & Image processing Senior Algorithm developer - Manila,Simbionix USA Corporation,
Hiring Customer Service Representatives URGENT,Metacom Business Process Outsourcing Solutions,https://www.linkedin.com/company/metacom-business-process-outsourcing-solutions
USRN or PHRN Team Lead - WFH/ Onsite,ASCENT PRO,
Call Center Agents – Day Shift Accounts | Customer Service and Technical support Representatives,Metacom Business Process Outsourcing Solutions,https://www.linkedin.com/company/metacom-business-process-outsourcing-solutions
Copywriter,"MedSpecialized, Inc",
Call Center Agents (TSRs/CSRs) in Ortigas/Pasig/EDSA | Up to 23K,Metacom Business Process Outsourcing Solutions,https://www.linkedin.com/company/metacom-business-process-outsourcing-solutions
Urgent Non Voice Call Center Agent andEarn Up To 21K,NeksJob Philippines,
HIRING Call Center Agents for Ortigas/EDSA/Eastwood/Quezon City sites! | Up to 22K!,Metacom Business Process Outsourcing Solutions,https://www.linkedin.com/company/metacom-business-process-outsourcing-solutions
USRN or PHRN Trainer - WFH/ Onsite,ASCENT PRO,
Call Center Agent in Mandaluyong for our Tech & Sales Account!!,Metacom Business Process Outsourcing Solutions,https://www.linkedin.com/company/metacom-business-process-outsourcing-solutions
"SECRETARY FOR SENIOR HIGH SCHOOL, LIBRARIAN AND HIGH SCHOOL TEACHERS",LOURDES SCHOOL OF MANDALUYONG,
Copywriter,"MedSpecialized, Inc",
Structural Design Engineer,The Belt and Road Sinobridge (Phils.) International Economic and Talents Cooperation Center Inc.,
Family Care Coordinator,"Young Focus for Education and Development Foundation, Inc.",
"Process/Production Operators, Accounting Supervisor, Accounting Assistant, Qaulaity Assurance Assistant","MULTI PLY PAPER VENTURES, INC.",
DAYSHIFT TECHNICAL SUPPORT REPRESENTATIVE,TPG ORCHID CYBERTECH SERVICES INC.,
Accounting Supervisor,Nacho King,
Merchandising Officer,Mariwasa Siam Ceramics Inc.,
Educator (Medical Representative),Inhail Trading,
Surveillance and Network Installer,Netpod Corporation,
B2B Representative (Sales Representative),Inhail Trading,
"Manager, Capability Development and Process Excellence | Offshore | All Sites",Teleperformance Philippines,
DAYSHIFT TECHNICAL SUPPORT SPECIALIST,TPG ORCHID CYBERTECH SERVICES INC.,
Assistant Professor of Nursing-Graduate Faculty - Pasig City,Fort Hays State University,
Customer Service Representative (PIONEER BATCH),Focus Support Associates,
URGENT Hiring Technical Support Agents | 17-28k plus Allowance | Willing to Work in North EDSA,Liacom Offshore Outsourcing,
Assistant Professor of School Psychology - Department of Psychology - Pasig City,Fort Hays State University,
Licensed Medical Coder (Dayshift / Fixed Weekends Off / Nonvoice) – Taguig City,"Optum, a UnitedHealth Group company",
Now Accepting Applications for a Dentist,"Central Florida Health Care, Inc.",
ECG Technician,Dr. R.A. Fernando School of Healthcare Technology,
Now Accepting Applications for a Pharmacist,"Central Florida Health Care, Inc.",
US Registered Nurse,"ExlService Philippines, Inc.",
Now Accepting Applications for a Dental Hygienist,"Central Florida Health Care, Inc.",
